Conzeit      	@Conzeit      	Oct 16, 2014	https://yip.pe/monstermaker/#GmocgemcgBrrA6hmgPgzGlyXgQ02a6jo
Conzeit      	@Conzeit      	Oct 16, 2014	https://yip.pe/monstermaker/#BIifa8gYGeeZlDok12UllCepgleN____
Conzeit      	@Conzeit      	Oct 16, 2014	https://yip.pe/monstermaker/#PBeJgfbKL1ZoBEjelBfg88oR04ioL2qo
Conzeit      	@Conzeit      	Oct 16, 2014	https://yip.pe/monstermaker/#GWgbGBQkGKPqGAojl9mrGPeYggcoSNdh
Conzeit      	@Conzeit      	Oct 16, 2014	https://yip.pe/monstermaker/#GMhXGWgb84dbGhohGgYjlHdg________
Conzeit      	@Conzeit      	Oct 16, 2014	https://yip.pe/monstermaker/#gBftPDfegWfeA6Tta7quGKezgKfP87fM
Conzeit      	@Conzeit      	Oct 16, 2014	https://yip.pe/monstermaker/#GmhoSNgzPCtiPBVkgKgcgZeQL4g7____
Conzeit      	@Conzeit      	Oct 16, 2014	https://yip.pe/monstermaker/#BEqkBFgcgXfegYeTF3frf3wkBHov88p4
Conzeit      	@Conzeit      	Oct 16, 2014	https://yip.pe/monstermaker/#A5RoGfRugHuuBIfkPDfYa7toBGfs____
Conzeit      	@Conzeit      	Oct 16, 2014	https://yip.pe/monstermaker/#GchPSLgagmcZa7wclEeqlFjqgDcdSOhi
G.P.         	@mousefountain	Oct 16, 2014	https://yip.pe/monstermaker/#A6UeB9f6gdfxgggpgegfgSgQlAfVa7sd
G.P.         	@mousefountain	Oct 16, 2014	https://yip.pe/monstermaker/#GMnOBEnUGenVA0bba0zbVgxjVfcj04mc
G.P.         	@mousefountain	Oct 16, 2014	https://yip.pe/monstermaker/#VYodVdftVDzcVCbdVVnTgWoRVextggoo
G.P.         	@mousefountain	Oct 16, 2014	https://yip.pe/monstermaker/#l1teglmTlFs5lEn5GBfqR2qpVQkdGA2p
G.P.         	@mousefountain	Oct 16, 2014	https://yip.pe/monstermaker/#Vcl5VbZ5PAhpVThagCgcgehKgdhSSEhZ
G.P.         	@mousefountain	Oct 16, 2014	https://yip.pe/monstermaker/#GWkaGVkQgmnXGamZR7coR6sogfzPSAPo
G.P.         	@mousefountain	Oct 16, 2014	https://yip.pe/monstermaker/#lFk4BEhblEe4R3hq________________
Yetoid       	@Yetoid       	Oct 16, 2014	https://yip.pe/monstermaker/#86nkgakVVJXgVK3gVGZpVH0p21ni____
moke woralist	@noname_noidea	Oct 15, 2014	https://yip.pe/monstermaker/#VIfLVJSOVKsPVGQcVHucR2fiVTfZBJfo
moke woralist	@noname_noidea	Oct 15, 2014	https://yip.pe/monstermaker/#VDxkB2fdVCNmGDSQGEtQF2Txf2pxSEga
moke woralist	@noname_noidea	Oct 15, 2014	https://yip.pe/monstermaker/#GAydGBRdGPgOB8gVgXgMgQnsgPXr____
Ben Porter   	@eigenbom     	Oct 15, 2014	https://yip.pe/monstermaker/#GXgtGWhhGJruGafigFqcgEWeGOggGkWt
Ben Porter   	@eigenbom     	Oct 14, 2014	https://yip.pe/monstermaker/#F2U2BIhsBJcjA3Off2t4a3tgA8Sna5ws#BIhsBJcja3sfA3OcA8SkF2U5f2n3a5wr#BIhsBJcjf2m5F2Y5a5wpa3reA3OfA8Uh#BIhsF2W3f2q3a5wsa3rgBJdkA3PgA8Um#F2T3BIgqa3rea5vqf2p4BJdhA3PdA8To#a5vqf2r2BIgtBJeja3sfA3QhA8WnF2U4#F2U2BIhsBJcjA3Off2t4a3tgA8Sna5ws#BIhsBJcja3sfA3OcA8SkF2U5f2n3a5wr#BIhsBJcjf2m5F2Y5a5wpa3reA3OfA8Uh#BIhsF2W3f2q3a5wsa3rgBJdkA3PgA8Um#F2T3BIgqa3rea5vqf2p4BJdhA3PdA8To#a5vqf2r2BIgtBJeja3sfA3QhA8WnF2U4#F2U2BIhsBJcjA3Off2t4a3tgA8Sna5ws#BIhsBJcja3sfA3OcA8SkF2U5f2n3a5wr#BIhsBJcjf2m5F2Y5a5wpa3reA3OfA8Uh#BIhsF2W3f2q3a5wsa3rgBJdkA3PgA8Um#F2T3BIgqa3rea5vqf2p4BJdhA3PdA8To#a5vqf2r2BIgtBJeja3sfA3QhA8WnF2U4#F2U2BIhsBJcjA3Off2t4a3tgA8Sna5ws#BIhsBJcja3sfA3OcA8SkF2U5f2n3a5wr#BIhsBJcjf2m5F2Y5a5wpa3reA3OfA8Uh#BIhsF2W3f2q3a5wsa3rgBJdkA3PgA8Um#F2T3BIgqa3rea5vqf2p4BJdhA3PdA8To#a5vqf2r2BIgtBJeja3sfA3QhA8WnF2U4#F2U2BIhsBJcjA3Off2t4a3tgA8Sna5ws#BIhsBJcja3sfA3OcA8SkF2U5f2n3a5wr#BIhsBJcjf2m5F2Y5a5wpa3reA3OfA8Uh#BIhsF2W3f2q3a5wsa3rgBJdkA3PgA8Um#F2T3BIgqa3rea5vqf2p4BJdhA3PdA8To#a5vqf2r2BIgtBJeja3sfA3QhA8WnF2U4
Ben Porter   	@eigenbom     	Oct 14, 2014	https://yip.pe/monstermaker/#86ihAAme#86ihAAma#86ihAAme#86ihAAma#86ihAAme#86ihAAma#86ihAAme#86ihAAma#86ihAAme#86ihAAma#86ihAAme#86ihAAma#86ihAAme#86ihAAma#86ihAAme#86ihAAma
Ben Porter   	@eigenbom     	Oct 14, 2014	https://yip.pe/monstermaker/#F2T3BIhsf2v1a5wpa3teA3SjBJfkA8Xf
Ben Porter   	@eigenbom     	Oct 14, 2014	https://yip.pe/monstermaker/#A8cRBJmVa8vba9xkL7utBIRV05QZL3u4
Ben Porter   	@eigenbom     	Oct 14, 2014	https://yip.pe/monstermaker/#BEhxBFhq88hcL2m2L1a204hq________




